{
    "loss": [
        1.890038251876831,
        1.0195283889770508,
        0.8143410086631775
    ],
    "val_loss": [
        1.251531720161438,
        0.9670290946960449,
        0.7930748462677002
    ],
    "accuracy": [
        0.09439655393362045,
        0.14425286650657654,
        0.18031609058380127
    ],
    "val_accuracy": [
        0.14425286650657654,
        0.1781609207391739,
        0.18160919845104218
    ],
    "complete_accuracy": [
        11.0,
        10.100000000000001,
        48.3
    ],
    "partial_accuracy": [
        11.200000000000001,
        10.100000000000001,
        60.5
    ]
}