{
    "loss": [
        1.4185494184494019,
        0.8267567753791809,
        0.763572096824646
    ],
    "val_loss": [
        0.870266854763031,
        0.7936499118804932,
        0.7805660963058472
    ],
    "accuracy": [
        0.1358620673418045,
        0.20163792371749878,
        0.1850862056016922
    ],
    "val_accuracy": [
        0.17241379618644714,
        0.18827585875988007,
        0.2006896585226059
    ],
    "complete_accuracy": [
        24.099999999999998,
        48.5,
        37.4
    ],
    "partial_accuracy": [
        28.1,
        57.699999999999996,
        44.4
    ]
}