{
    "loss": [
        0.8241971731185913,
        0.7715247869491577,
        0.7050167322158813,
        0.6988101005554199,
        0.6383501887321472,
        0.6724862456321716,
        0.6375707983970642,
        0.6290518641471863,
        0.6028171181678772,
        0.616952121257782,
        0.6086375117301941,
        0.600707471370697,
        0.6147245764732361,
        0.627859890460968,
        0.6165983080863953,
        0.5980271100997925,
        0.6081321239471436,
        0.6168650388717651,
        0.6101241111755371,
        0.6021234393119812,
        0.6242859959602356,
        0.6155775785446167,
        0.6051395535469055,
        0.6251034736633301,
        0.6001390218734741,
        0.6113337278366089,
        0.5920290350914001,
        0.6000736355781555,
        0.5992444753646851
    ],
    "val_loss": [
        0.7918593883514404,
        0.7742403149604797,
        0.7046809196472168,
        0.6088389754295349,
        0.6522843241691589,
        0.6763731241226196,
        0.6512367725372314,
        0.6485503911972046,
        0.5981394052505493,
        0.6488013863563538,
        0.5868958830833435,
        0.641038179397583,
        0.629442572593689,
        0.6312759518623352,
        0.6434975266456604,
        0.5762787461280823,
        0.65492844581604,
        0.5912973880767822,
        0.5791394114494324,
        0.5895438194274902,
        0.6390582919120789,
        0.5476492047309875,
        0.5885187983512878,
        0.5925039052963257,
        0.6116924285888672,
        0.6282799243927002,
        0.633586585521698,
        0.6201183795928955,
        0.6647446751594543
    ],
    "accuracy": [
        0.14752155542373657,
        0.1719827651977539,
        0.18286637961864471,
        0.18943965435028076,
        0.19741378724575043,
        0.20463362336158752,
        0.2067887932062149,
        0.2032327651977539,
        0.19859914481639862,
        0.1983836144208908,
        0.21131464838981628,
        0.20765085518360138,
        0.21422414481639862,
        0.21681034564971924,
        0.20765085518360138,
        0.19892241060733795,
        0.20624999701976776,
        0.20840516686439514,
        0.2065732777118683,
        0.2042025923728943,
        0.2068965584039688,
        0.21228447556495667,
        0.206681028008461,
        0.2103448212146759,
        0.20743533968925476,
        0.2044181078672409,
        0.20635776221752167,
        0.20474137365818024,
        0.20150862634181976
    ],
    "val_accuracy": [
        0.16637931764125824,
        0.1814655214548111,
        0.1948275864124298,
        0.19008620083332062,
        0.20775862038135529,
        0.19655172526836395,
        0.21465517580509186,
        0.21422414481639862,
        0.1909482777118683,
        0.21206896007061005,
        0.20732758939266205,
        0.20646551251411438,
        0.20862068235874176,
        0.20474137365818024,
        0.199568971991539,
        0.199568971991539,
        0.2176724076271057,
        0.21853448450565338,
        0.19525861740112305,
        0.199568971991539,
        0.20862068235874176,
        0.1922413855791092,
        0.2137930989265442,
        0.19741378724575043,
        0.20775862038135529,
        0.22456896305084229,
        0.20603448152542114,
        0.1922413855791092,
        0.23103448748588562
    ],
    "complete_accuracy": [
        13.0,
        44.0,
        41.0,
        56.00000000000001,
        54.0,
        33.0,
        41.0,
        56.00000000000001,
        42.0,
        48.0,
        46.0,
        40.0,
        49.0,
        46.0,
        41.0,
        54.0,
        49.0,
        37.0,
        43.0,
        43.0,
        43.0,
        43.0,
        35.0,
        48.0,
        54.0,
        45.0,
        56.99999999999999,
        42.0,
        54.0
    ],
    "partial_accuracy": [
        13.0,
        52.0,
        47.0,
        61.0,
        57.99999999999999,
        38.0,
        46.0,
        57.99999999999999,
        43.0,
        51.0,
        57.99999999999999,
        43.0,
        51.0,
        54.0,
        46.0,
        62.0,
        53.0,
        43.0,
        48.0,
        46.0,
        60.0,
        45.0,
        51.0,
        54.0,
        65.0,
        50.0,
        63.0,
        44.0,
        63.0
    ]
}