{
    "loss": [
        0.7916580438613892,
        0.7140166163444519,
        0.6625514030456543,
        0.6477793455123901,
        0.6439915299415588,
        0.6302425265312195,
        0.6049441695213318,
        0.6111019253730774,
        0.6068259477615356,
        0.6018399000167847,
        0.6328619122505188,
        0.6050171852111816,
        0.5896276235580444,
        0.6197059154510498,
        0.6010586023330688,
        0.6191415786743164,
        0.5935215353965759,
        0.5978699326515198,
        0.6122758388519287,
        0.5939037203788757,
        0.5997027158737183,
        0.5903218388557434,
        0.6152462363243103,
        0.5985275506973267
    ],
    "val_loss": [
        0.7358348965644836,
        0.6878453493118286,
        0.6352220773696899,
        0.6401093006134033,
        0.5898455381393433,
        0.6193868517875671,
        0.6257119178771973,
        0.6162230968475342,
        0.5785905122756958,
        0.6177245378494263,
        0.602476179599762,
        0.5845164656639099,
        0.60788494348526,
        0.609774112701416,
        0.5954239964485168,
        0.5529869198799133,
        0.6436571478843689,
        0.5664457082748413,
        0.6228288412094116,
        0.5533634424209595,
        0.6015471816062927,
        0.5932401418685913,
        0.5996374487876892,
        0.5953842401504517
    ],
    "accuracy": [
        0.16017241775989532,
        0.18836206197738647,
        0.19637930393218994,
        0.20396551489830017,
        0.21241378784179688,
        0.20612068474292755,
        0.19775861501693726,
        0.20405171811580658,
        0.20698276162147522,
        0.2068103402853012,
        0.2126724123954773,
        0.20655173063278198,
        0.20112068951129913,
        0.20956896245479584,
        0.20267240703105927,
        0.211465522646904,
        0.2091379314661026,
        0.20999999344348907,
        0.20577585697174072,
        0.20775862038135529,
        0.204482764005661,
        0.204482764005661,
        0.21198275685310364,
        0.2115517258644104
    ],
    "val_accuracy": [
        0.18344826996326447,
        0.19206896424293518,
        0.1910344809293747,
        0.20965516567230225,
        0.20000000298023224,
        0.20724138617515564,
        0.20586207509040833,
        0.20517241954803467,
        0.20275862514972687,
        0.23034483194351196,
        0.20586207509040833,
        0.22137930989265442,
        0.20724138617515564,
        0.20482759177684784,
        0.20137931406497955,
        0.20034483075141907,
        0.21448275446891785,
        0.19620689749717712,
        0.22034482657909393,
        0.1851724088191986,
        0.21482758224010468,
        0.20000000298023224,
        0.20413793623447418,
        0.21103447675704956
    ],
    "complete_accuracy": [
        16.0,
        36.0,
        43.0,
        44.0,
        49.0,
        45.0,
        46.0,
        52.0,
        55.00000000000001,
        47.0,
        47.0,
        39.0,
        39.0,
        45.0,
        48.0,
        54.0,
        45.0,
        55.00000000000001,
        50.0,
        45.0,
        46.0,
        51.0,
        39.0,
        48.0
    ],
    "partial_accuracy": [
        19.0,
        42.0,
        55.00000000000001,
        51.0,
        56.99999999999999,
        52.0,
        50.0,
        60.0,
        56.99999999999999,
        63.0,
        50.0,
        51.0,
        48.0,
        50.0,
        62.0,
        60.0,
        51.0,
        65.0,
        61.0,
        52.0,
        48.0,
        61.0,
        42.0,
        53.0
    ]
}