{
    "loss": [
        1.1583046913146973,
        0.8688255548477173,
        0.8172712922096252
    ],
    "val_loss": [
        0.9575528502464294,
        0.8569818735122681,
        0.8027859926223755
    ],
    "accuracy": [
        0.10790229588747025,
        0.1464080512523651,
        0.1834770143032074
    ],
    "val_accuracy": [
        0.12643678486347198,
        0.2063218355178833,
        0.1948275864124298
    ],
    "complete_accuracy": [
        0.1,
        0.0,
        0.1
    ],
    "partial_accuracy": [
        0.1,
        0.0,
        0.1
    ]
}