{
    "loss": [
        1.202407717704773,
        0.8680867552757263,
        0.8099096417427063,
        1.4240138530731201,
        0.855273962020874,
        0.7751162052154541,
        0.7619453072547913,
        0.7473052144050598,
        0.7326902151107788,
        0.7338628172874451
    ],
    "val_loss": [
        0.9330415725708008,
        0.795348584651947,
        0.7951603531837463,
        0.9269784092903137,
        0.7844550609588623,
        0.7499485611915588,
        0.7456202507019043,
        0.7327286601066589,
        0.7256271839141846,
        0.7284777164459229
    ],
    "accuracy": [
        0.11063218116760254,
        0.1787356287240982,
        0.20790229737758636,
        0.6125159859657288,
        0.730651319026947,
        0.7477650046348572,
        0.7468709945678711,
        0.7490421533584595,
        0.751724123954773,
        0.7567049860954285
    ],
    "val_accuracy": [
        0.13390804827213287,
        0.1942528784275055,
        0.20517241954803467,
        0.7563218474388123,
        0.7724137902259827,
        0.7747126221656799,
        0.7678160667419434,
        0.7666666507720947,
        0.7678160667419434,
        0.771264374256134
    ],
    "complete_accuracy": [
        2.0,
        15.0,
        9.0,
        20.0,
        14.000000000000002,
        18.0,
        13.0,
        19.0,
        15.0,
        12.0
    ],
    "partial_accuracy": [
        2.0,
        15.0,
        9.0,
        20.0,
        14.000000000000002,
        18.0,
        13.0,
        19.0,
        15.0,
        12.0
    ]
}